repo_name,easy_file,hard_file
mathcoll/t6,app.js,routes/objects.js
node-red/node-red,packages/node_modules/@node-red/editor-client/src/js/ui/common/tabs.js,packages/node_modules/@node-red/editor-client/src/js/red.js
node-red/node-red,packages/node_modules/@node-red/editor-client/src/js/ui/common/tabs.js,packages/node_modules/@node-red/editor-client/src/js/nodes.js
node-red/node-red,packages/node_modules/@node-red/editor-client/src/js/ui/common/tabs.js,packages/node_modules/@node-red/editor-client/src/js/ui/view.js
node-red/node-red,packages/node_modules/@node-red/editor-client/src/js/ui/tour/tourGuide.js,packages/node_modules/@node-red/editor-client/src/tours/welcome.js
node-red/node-red,packages/node_modules/@node-red/editor-client/src/js/ui/common/tabs.js,packages/node_modules/@node-red/editor-client/src/js/ui/common/popover.js
node-red/node-red,packages/node_modules/@node-red/editor-client/src/js/ui/common/tabs.js,packages/node_modules/@node-red/editor-client/src/js/ui/common/treeList.js
node-red/node-red,packages/node_modules/@node-red/editor-client/src/js/ui/common/tabs.js,packages/node_modules/@node-red/editor-client/src/js/ui/common/typedInput.js
photonstorm/phaser,src/loader/filetypes/CompressedTextureFile.js,src/renderer/webgl/pipelines/SpriteFXPipeline.js
root-project/jsroot,scripts/JSRoot.hist3d.js,scripts/JSRoot.more.js
olifolkerd/tabulator,build/rollup.js,dist/js/tabulator_esm.js
olifolkerd/tabulator,dist/js/tabulator_esm.min.js,dist/js/tabulator_esm.js
olifolkerd/tabulator,build/rollup.js,src/js/core/Tabulator.js
olifolkerd/tabulator,dist/js/tabulator_esm.min.js,src/js/core/Tabulator.js
olifolkerd/tabulator,build/rollup.js,src/js/core/RowManager.js
olifolkerd/tabulator,dist/js/tabulator_esm.min.js,src/js/core/RowManager.js
sparcs-kaist/otlplus,react/src/components/sections/account/AcademicInfoSubSection.js,react/src/utils/lectureUtils.js
sparcs-kaist/otlplus,react/src/components/sections/dictionary/CourseListTabs.js,react/src/utils/lectureUtils.js
sparcs-kaist/otlplus,react/src/components/sections/timetable/TimetableTabs.js,react/src/utils/lectureUtils.js
sparcs-kaist/otlplus,react/src/components/sections/write-reviews/MyReviewsSubSection.js,react/src/utils/lectureUtils.js
sparcs-kaist/otlplus,react/src/components/sections/write-reviews/LikedReviewsSubSection.js,react/src/utils/lectureUtils.js
sparcs-kaist/otlplus,react/src/components/sections/account/FavoriteDepartmentsSubSection.js,react/src/utils/lectureUtils.js
sparcs-kaist/otlplus,react/src/components/blocks/SemesterBlock.js,react/src/utils/lectureUtils.js
sparcs-kaist/otlplus,react/src/components/tiles/TimetableTile.js,react/src/utils/lectureUtils.js
sparcs-kaist/otlplus,react/src/components/sections/write-reviews/RankedReviewsSubSection.js,react/src/utils/lectureUtils.js
sparcs-kaist/otlplus,react/src/components/sections/dictionary/CourseInfoSubSection.js,react/src/utils/lectureUtils.js
sparcs-kaist/otlplus,react/src/components/sections/write-reviews/ReviewsMenusSubSection.js,react/src/utils/lectureUtils.js
sparcs-kaist/otlplus,react/src/components/sections/write-reviews/MySummarySubSection.js,react/src/utils/lectureUtils.js
sparcs-kaist/otlplus,react/src/components/sections/write-reviews/LectureReviewsSubSection.js,react/src/utils/lectureUtils.js
sparcs-kaist/otlplus,react/src/components/sections/timetable/LectureListTabs.js,react/src/utils/lectureUtils.js
sparcs-kaist/otlplus,react/src/components/sections/main/RankedReviewFeedSection.js,react/src/utils/lectureUtils.js
sparcs-kaist/otlplus,react/src/components/sections/account/MyInfoSubSection.js,react/src/utils/lectureUtils.js
sparcs-kaist/otlplus,react/src/components/sections/dictionary/CourseListSection.js,react/src/pages/DictionaryPage.js
sparcs-kaist/otlplus,react/src/components/blocks/CourseBlock.js,react/src/pages/DictionaryPage.js
sparcs-kaist/otlplus,react/src/components/sections/timetable/SemesterSection.js,react/src/pages/DictionaryPage.js
sparcs-kaist/otlplus,react/src/components/sections/dictionary/CourseReviewsSubSection.js,react/src/pages/DictionaryPage.js
sparcs-kaist/otlplus,react/src/components/sections/timetable/MapSubSection.js,react/src/pages/DictionaryPage.js
sparcs-kaist/otlplus,react/src/pages/SyllabusPage.js,react/src/pages/DictionaryPage.js
sparcs-kaist/otlplus,react/src/pages/CreditPage.js,react/src/pages/DictionaryPage.js
sparcs-kaist/otlplus,react/src/pages/MainPage.js,react/src/pages/DictionaryPage.js
sparcs-kaist/otlplus,react/src/pages/TimetablePage.js,react/src/pages/DictionaryPage.js
sparcs-kaist/otlplus,react/src/components/sections/dictionary/CourseHistorySubSection.js,react/src/pages/DictionaryPage.js
sparcs-kaist/otlplus,react/src/components/sections/timetable/LectureSearchSubSection.js,react/src/pages/DictionaryPage.js
sparcs-kaist/otlplus,react/src/components/sections/timetable/ShareSubSection.js,react/src/pages/DictionaryPage.js
sparcs-kaist/otlplus,react/src/components/sections/main/AcademicScheduleSection.js,react/src/pages/DictionaryPage.js
sparcs-kaist/otlplus,react/src/components/sections/timetable/SummarySubSection.js,react/src/pages/DictionaryPage.js
sparcs-kaist/otlplus,react/src/components/sections/timetable/ExamSubSection.js,react/src/pages/DictionaryPage.js
partridgejiang/Kekule.js,src/core/kekule.metrics.js,src/io/jcamp/kekule.io.jcamp.dx.js
e-mission/e-mission-phone,www/js/survey/survey.js,www/js/diary/infinite_scroll_list.js
e-mission/e-mission-phone,www/js/survey/survey.js,www/js/tripconfirm/multi-label-ui.js
e-mission/e-mission-phone,www/js/survey/survey.js,www/js/survey/multilabel/multi-label-ui.js
TarikHuber/react-most-wanted,packages/rmw-shell/cra-template-rmw/template/src/components/Forms/Task.js,packages/rmw-shell/src/containers/PostEditor/index.js
TarikHuber/react-most-wanted,packages/rmw-shell/cra-template-rmw/template/src/pages/LandingPage/Footer.js,packages/rmw-shell/src/containers/PostEditor/index.js
TarikHuber/react-most-wanted,packages/rmw-shell/cra-template-rmw/template/src/pages/LandingPage/Footer.js,packages/rmw-shell/src/components/MenuHeader/MenuHeader.js
TarikHuber/react-most-wanted,packages/rmw-shell/cra-template-rmw/template/src/components/Forms/Task.js,packages/rmw-shell/src/components/MenuHeader/MenuHeader.js
TarikHuber/react-most-wanted,packages/rmw-shell/cra-template-rmw/template/src/components/Forms/Task.js,packages/rmw-shell/src/components/SnackMessage/SnackMessage.js
TarikHuber/react-most-wanted,packages/rmw-shell/cra-template-rmw/template/src/pages/LandingPage/Footer.js,packages/rmw-shell/src/components/SnackMessage/SnackMessage.js
